<component name="libraryTable">
  <library name="fasterxml.jackson.core.databind" type="repository">
    <properties maven-id="com.fasterxml.jackson.core:jackson-databind:2.13.3" />
    <CLASSES>
      <root url="jar://$MAVEN_REPOSITORY$/com/fasterxml/jackson/core/jackson-databind/2.13.3/jackson-databind-2.13.3.jar!/" />
      <root url="jar://$MAVEN_REPOSITORY$/com/fasterxml/jackson/core/jackson-annotations/2.13.3/jackson-annotations-2.13.3.jar!/" />
      <root url="jar://$MAVEN_REPOSITORY$/com/fasterxml/jackson/core/jackson-core/2.13.3/jackson-core-2.13.3.jar!/" />
    </CLASSES>
    <JAVADOC />
    <SOURCES />
  </library>
</component>